{"scope.version":"2","timeline.animationMode":"proMode","viewport.width":728,"viewport.height":90,"library.openDirectories":["F:/2019/ALEX/Will/google-web/1.html/assets/images"],"library.GroupsPath":{},"library.downloadedAssets":{},"preview.adSizes":"standard","tool.text.optionsState":{"fontName":"Open Sans","fontSize":"45px","fontWeight":"bold","fontStyle":"normal","alignLeft":true,"alignCenter":false,"alignRight":false,"alignJustify":false,"verticalAlignCenter":false,"foreColor":"rgb(255, 255, 255)","tagName":"span","orderedList":false,"unorderedList":false},"design.zoom":1,"timeline.loopPreview":false,"design.3dgrid":false,"timeline.showOnlyAnimatedLayers":false}